{
    "ReturnToStart": 1b,
    "Brain": {
        "memories": {
        }
    },
    "NpcInv": [
    ],
    "BossColor": 0,
    "PotionEffect": 0,
    "Size": 5,
    "stopAndInteract": 1b,
    "Resistances": {
        "Arrow": 2.0f,
        "Explosion": 2.0f,
        "Knockback": 2.0f,
        "Melee": 2.0f
    },
    "BossBar": 0b,
    "RespawnTime": 20,
    "NpcAngrySound": "",
    "ReactsToFire": 0b,
    "IgnoreCobweb": 0b,
    "PositionOffsetZ": 5.0f,
    "PositionOffsetY": 5.0f,
    "PositionOffsetX": 5.0f,
    "CanUpdate": 1b,
    "LootMode": 0,
    "TransformHasAI": 0b,
    "AttackStrenght": 100,
    "PersistenceRequired": 0b,
    "id": "customnpcs:customnpc",
    "IsStatue": 0b,
    "MovingPatern": 0,
    "NpcLines": {
        "Lines": [
        ]
    },
    "DefendFaction": 0b,
    "FireIndirect": 0,
    "NpcVisible": 0,
    "LinkedNpcName": "",
    "NpcScenes": {
        "Scenes": [
        ]
    },
    "HitSound": "minecraft:entity.arrow.hit",
    "FindShelter": 2,
    "GuardTargets": [
        {
            "Line": "entity.alexsmobs.bone_serpent"
        },
        {
            "Line": "entity.alexsmobs.centipede_head"
        },
        {
            "Line": "entity.alexsmobs.crimson_mosquito"
        },
        {
            "Line": "entity.alexsmobs.dropbear"
        },
        {
            "Line": "entity.alexsmobs.guster"
        },
        {
            "Line": "entity.alexsmobs.mimicube"
        },
        {
            "Line": "entity.alexsmobs.soul_vulture"
        },
        {
            "Line": "entity.alexsmobs.straddler"
        },
        {
            "Line": "entity.alexsmobs.void_worm"
        },
        {
            "Line": "entity.alexsmobs.warped_mosco"
        },
        {
            "Line": "entity.betterendforge.shadow_walker"
        },
        {
            "Line": "entity.betternether.jungle_skeleton"
        },
        {
            "Line": "entity.betternether.naga"
        },
        {
            "Line": "entity.betternether.skull"
        },
        {
            "Line": "entity.minecraft.blaze"
        },
        {
            "Line": "entity.minecraft.cave_spider"
        },
        {
            "Line": "entity.minecraft.creeper"
        },
        {
            "Line": "entity.minecraft.drowned"
        },
        {
            "Line": "entity.minecraft.elder_guardian"
        },
        {
            "Line": "entity.minecraft.enderman"
        },
        {
            "Line": "entity.minecraft.endermite"
        },
        {
            "Line": "entity.minecraft.evoker"
        },
        {
            "Line": "entity.minecraft.giant"
        },
        {
            "Line": "entity.minecraft.guardian"
        },
        {
            "Line": "entity.minecraft.husk"
        },
        {
            "Line": "entity.minecraft.illusioner"
        },
        {
            "Line": "entity.minecraft.piglin"
        },
        {
            "Line": "entity.minecraft.piglin_brute"
        },
        {
            "Line": "entity.minecraft.pillager"
        },
        {
            "Line": "entity.minecraft.ravager"
        },
        {
            "Line": "entity.minecraft.silverfish"
        },
        {
            "Line": "entity.minecraft.skeleton"
        },
        {
            "Line": "entity.minecraft.spider"
        },
        {
            "Line": "entity.minecraft.stray"
        },
        {
            "Line": "entity.minecraft.vex"
        },
        {
            "Line": "entity.minecraft.vindicator"
        },
        {
            "Line": "entity.minecraft.witch"
        },
        {
            "Line": "entity.minecraft.wither"
        },
        {
            "Line": "entity.minecraft.wither_skeleton"
        },
        {
            "Line": "entity.minecraft.zoglin"
        },
        {
            "Line": "entity.minecraft.zombie"
        },
        {
            "Line": "entity.minecraft.zombie_villager"
        },
        {
            "Line": "entity.minecraft.zombified_piglin"
        }
    ],
    "Air": 300s,
    "CitadelData": {
    },
    "Orientation": 0,
    "ScriptLanguage": "ECMAScript",
    "HandItems": [
        {
        },
        {
        }
    ],
    "KnockBack": 4,
    "TransformHasJob": 0b,
    "ArmorDropChances": [
        0.085f,
        0.085f,
        0.085f,
        0.085f
    ],
    "BurnInSun": 0b,
    "StandingState": 0,
    "AttackInvisible": 0b,
    "NpcInteractNPCLines": {
        "Lines": [
        ]
    },
    "HurtTime": 0s,
    "WalkingRange": 10,
    "ShotCount": 1,
    "pDur": 5,
    "AttackRange": 2,
    "NpcKillLines": {
        "Lines": [
        ]
    },
    "PotionImmune": 1b,
    "AvoidsSun": 0b,
    "Texture": "customnpcs:textures/entity/humanmale/white_knight_2.png",
    "NpcJob": 3,
    "BurstCount": 1,
    "NpcAttackLines": {
        "Lines": [
        ]
    },
    "pSpeed": 10,
    "pArea": 0,
    "DeathTime": 0s,
    "pImpact": 0,
    "MoveState": 0,
    "pRender3D": 1b,
    "Motion": [
        0.0d,
        -0.0784000015258789d,
        0.0d
    ],
    "CombatRegen": 0,
    "NpcsTimers": [
    ],
    "MarkovGender": 0,
    "pEffect": 0,
    "DistanceToMelee": 0,
    "NpcStepSound": "",
    "FireRate": 5,
    "LeftHanded": 0b,
    "pEffAmp": 0,
    "OnGround": 1b,
    "ImmuneToFire": 1b,
    "NpcKilledLines": {
        "Lines": [
        ]
    },
    "Fire": -1s,
    "ArmorItems": [
        {
        },
        {
        },
        {
        },
        {
        }
    ],
    "DisablePitch": 0b,
    "pPhysics": 1b,
    "TransformHasInv": 0b,
    "NpcInteractLines": {
        "Lines": [
            {
                "Line": "Hello @p",
                "Song": "",
                "Slot": 0
            }
        ]
    },
    "HurtByTimestamp": 1946,
    "pSpin": 0b,
    "NpcHurtSound": "minecraft:entity.player.hurt",
    "pTrail": 0,
    "CreatureType": 0,
    "Attributes": [
        {
            "Base": 0.08d,
            "Name": "forge:entity_gravity"
        },
        {
            "Base": 32.0d,
            "Name": "minecraft:generic.follow_range"
        },
        {
            "Base": 100.0d,
            "Name": "minecraft:generic.max_health"
        },
        {
            "Base": 0.25d,
            "Name": "minecraft:generic.movement_speed"
        },
        {
            "Base": 0.5d,
            "Name": "minecraft:generic.flying_speed"
        },
        {
            "Base": 100.0d,
            "Name": "minecraft:generic.attack_damage"
        }
    ],
    "Invulnerable": 0b,
    "TransformHasDisplay": 0b,
    "NoFallDamage": 0b,
    "AbsorptionAmount": 0.0f,
    "TransformHasRole": 0b,
    "Name": "CABALLERO",
    "FallDistance": 0.0f,
    "SkinColor": 16777215,
    "NpcIdleSound": "",
    "Weapons": [
        {
            "Slot": 0b,
            "ForgeCaps": {
                "customnpcs:itemscripteddata": {
                }
            },
            "id": "minecraft:diamond_sword",
            "Count": 1b,
            "tag": {
                "Damage": 0
            }
        }
    ],
    "NPCDialogOptions": [
    ],
    "AggroRange": 16,
    "DirectLOS": 1b,
    "HealthRegen": 1,
    "ForgeCaps": {
        "mowziesmobs:ability": {
        },
        "mowziesmobs:frozen": {
            "frozenYaw": 0.0f,
            "freezeProgress": 0.0f,
            "frozenPitch": 0.0f,
            "freezeDecayDelay": 0,
            "prevHasAI": 1b,
            "frozenYawHead": 0.0f,
            "frozen": 0b,
            "frozenLimbSwingAmount": 0.0f,
            "prevFrozen": 0b,
            "frozenRenderYawOffset": 0.0f,
            "frozenSwingProgress": 0.0f
        },
        "citadel:extended_entity_data_citadel": {
        }
    },
    "HandDropChances": [
        0.085f,
        0.085f
    ],
    "NpcModelData": {
        "LegsConfig": {
            "NotShared": 0b,
            "ScaleZ": 1.0f,
            "TransZ": 0.0f,
            "TransY": 0.0f,
            "TransX": 0.012000002f,
            "ScaleY": 1.0f,
            "ScaleX": 1.0f
        },
        "BodyConfig": {
            "NotShared": 0b,
            "ScaleZ": 1.0f,
            "TransZ": 0.0f,
            "TransY": 0.0f,
            "TransX": 0.0f,
            "ScaleY": 1.0f,
            "ScaleX": 1.0f
        },
        "Eyes": {
            "Pattern": 0b,
            "Glint": 1b,
            "Type": -1b,
            "PositionY": 1,
            "SkinColor": 11830381,
            "PlayerTexture": 0b,
            "Color": 10526975,
            "BrowColor": 5982516,
            "BrowThickness": 4
        },
        "LegParts": {
            "Pattern": 0b,
            "Type": 0b,
            "PlayerTexture": 0b,
            "Color": 16777215
        },
        "Parts": [
        ],
        "SimpleRender": 0b,
        "ArmsConfig": {
            "NotShared": 0b,
            "ScaleZ": 1.0f,
            "TransZ": 0.0f,
            "TransY": 0.0f,
            "TransX": 0.0f,
            "ScaleY": 1.0f,
            "ScaleX": 1.0f
        },
        "ExtraData": {
        },
        "HeadConfig": {
            "NotShared": 0b,
            "ScaleZ": 1.0f,
            "TransZ": 0.0f,
            "TransY": 0.0f,
            "TransX": 0.0f,
            "ScaleY": 1.0f,
            "ScaleX": 1.0f
        }
    },
    "VisibleAvailability": {
        "AvailabilityQuestId": -1,
        "AvailabilityScoreboardType": 1,
        "AvailabilityFactionStance": 0,
        "AvailabilityScoreboard2Value": 1,
        "AvailabilityQuest": 0,
        "AvailabilityDialog4": 0,
        "AvailabilityScoreboardObjective": "",
        "AvailabilityDialog3": 0,
        "AvailabilityQuest2": 0,
        "AvailabilityQuest3": 0,
        "AvailabilityScoreboard2Objective": "",
        "AvailabilityQuest4": 0,
        "ModRev": 18,
        "AvailabilityDialog2": 0,
        "AvailabilityDayTime": 0,
        "AvailabilityFaction2Id": -1,
        "AvailabilityScoreboardValue": 1,
        "AvailabilityFaction": 0,
        "AvailabilityDialog": 0,
        "AvailabilityScoreboard2Type": 1,
        "AvailabilityFaction2": 0,
        "AvailabilityFactionId": -1,
        "AvailabilityFaction2Stance": 0,
        "AvailabilityDialogId": -1,
        "AvailabilityQuest4Id": -1,
        "AvailabilityQuest3Id": -1,
        "AvailabilityQuest2Id": -1,
        "AvailabilityDialog2Id": -1,
        "AvailabilityDialog3Id": -1,
        "AvailabilityDialog4Id": -1,
        "AvailabilityMinPlayerLevel": 0
    },
    "minDelay": 20,
    "DoorInteract": 2,
    "MoveSpeed": 5,
    "TransformEditingModus": 0b,
    "UsingSkinUrl": 0b,
    "SkinUrl": "",
    "CanSwim": 1b,
    "GroundSound": "minecraft:block.stone.break",
    "MaxHealth": 100,
    "HideBodyWhenKilled": 0b,
    "AttackSpeed": 20,
    "PotionDuration": 5,
    "maxDelay": 40,
    "ScriptEnabled": 0b,
    "Role": 0,
    "DropChance": [
        {
            "Integer": 100,
            "Slot": 0
        },
        {
            "Integer": 100,
            "Slot": 1
        },
        {
            "Integer": 100,
            "Slot": 2
        },
        {
            "Integer": 100,
            "Slot": 3
        },
        {
            "Integer": 100,
            "Slot": 4
        },
        {
            "Integer": 100,
            "Slot": 5
        },
        {
            "Integer": 100,
            "Slot": 6
        },
        {
            "Integer": 100,
            "Slot": 7
        },
        {
            "Integer": 100,
            "Slot": 8
        }
    ],
    "FactionPoints": {
        "DecreaseFaction1Points": 0b,
        "OptionFaction2Points": 100,
        "OptionFactions1": -1,
        "OptionFactions2": -1,
        "OptionFaction1Points": 100,
        "DecreaseFaction2Points": 0b
    },
    "pDamage": 4,
    "KilledTime": 0L,
    "AimWhileShooting": 0b,
    "CanPickUpLoot": 0b,
    "AttackOtherFactions": 0b,
    "CanDrown": 0b,
    "pSize": 5,
    "CanSprint": 0b,
    "CanLeap": 0b,
    "TransformIsActive": 0b,
    "ForgeData": {
        "cnpcmarkdata": {
            "marks": [
            ]
        }
    },
    "MovingState": 1,
    "MovingPos": 0,
    "PotionAmp": 0,
    "OnAttack": 0,
    "FallFlying": 0b,
    "MaxExp": 0,
    "OrderedLines": 0b,
    "PortalCooldown": 0,
    "pGlows": 0b,
    "TransformHasAdvanced": 0b,
    "TransformHasStats": 0b,
    "MovementType": 0,
    "FiringSound": "minecraft:entity.arrow.shoot",
    "ModRev": 18,
    "Accuracy": 60,
    "MinExp": 0,
    "Armor": [
    ],
    "CloakTexture": "",
    "GlowTexture": "",
    "MaxFiringRange": 15,
    "pXlr8": 0b,
    "MarkovGeneratorId": 0,
    "Scripts": [
    ],
    "Health": 100.0f,
    "pStick": 0b,
    "MovingPause": 1b,
    "NpcDeathSound": "minecraft:entity.player.hurt",
    "FactionID": 0,
    "Title": "",
    "TotalTicksAlive": 2283L,
    "Rotation": [
        251.06238f,
        0.0f
    ],
    "ShowName": 0,
    "npcInteracting": 0b,
    "AvoidsWater": 0b,
    "NoLivingAnimation": 0b,
    "SpawnCycle": 0
}
