{"stats":{"minecraft:picked_up":{"astralsorcery:tome":1,"customnpcs:npcwand":1,"customnpcs:npcmobcloner":1,"alexsmobs:animal_dictionary":1,"minecraft:string":1},"minecraft:used":{"cookingforblockheads:black_kitchen_floor":1,"customnpcs:npcmobcloner":17,"customnpcs:npcwand":5,"minecraft:spider_spawn_egg":3},"minecraft:custom":{"minecraft:time_since_rest":38250,"minecraft:play_one_minute":112133,"minecraft:leave_game":3,"minecraft:sprint_one_cm":21717,"minecraft:walk_one_cm":38155,"minecraft:time_since_death":38217,"minecraft:deaths":1,"minecraft:sneak_time":352,"minecraft:fly_one_cm":106019,"minecraft:jump":76}},"DataVersion":2586}