{"stats":{"minecraft:picked_up":{"astralsorcery:tome":1,"customnpcs:npcwand":1,"customnpcs:npcmobcloner":1,"alexsmobs:animal_dictionary":1,"minecraft:string":1},"minecraft:used":{"cookingforblockheads:black_kitchen_floor":1,"customnpcs:npcmobcloner":28,"customnpcs:npcwand":7,"minecraft:spider_spawn_egg":3},"minecraft:custom":{"minecraft:time_since_rest":68250,"minecraft:play_one_minute":142133,"minecraft:leave_game":3,"minecraft:sprint_one_cm":32026,"minecraft:walk_one_cm":49943,"minecraft:time_since_death":68217,"minecraft:deaths":1,"minecraft:sneak_time":726,"minecraft:fly_one_cm":186205,"minecraft:jump":105}},"DataVersion":2586}