{"stats":{"minecraft:picked_up":{"astralsorcery:tome":1,"customnpcs:npcwand":1,"customnpcs:npcmobcloner":1,"alexsmobs:animal_dictionary":1,"minecraft:string":1},"minecraft:used":{"minecraft:chest":1,"cookingforblockheads:black_kitchen_floor":1,"minecraft:horse_spawn_egg":2,"customnpcs:npcmobcloner":33,"minecraft:grass_block":1,"customnpcs:npcwand":12,"minecraft:spider_spawn_egg":3},"minecraft:custom":{"minecraft:open_chest":4,"minecraft:time_since_rest":128250,"minecraft:damage_dealt":10,"minecraft:play_one_minute":202133,"minecraft:leave_game":3,"minecraft:sprint_one_cm":59449,"minecraft:walk_one_cm":79763,"minecraft:time_since_death":128217,"minecraft:deaths":1,"minecraft:sneak_time":1051,"minecraft:fly_one_cm":391660,"minecraft:jump":180}},"DataVersion":2586}