{"stats":{"minecraft:picked_up":{"astralsorcery:tome":1,"customnpcs:npcwand":1,"customnpcs:npcmobcloner":1,"alexsmobs:animal_dictionary":1,"minecraft:string":1},"minecraft:used":{"cookingforblockheads:black_kitchen_floor":1,"customnpcs:npcmobcloner":27,"customnpcs:npcwand":7,"minecraft:spider_spawn_egg":3},"minecraft:custom":{"minecraft:time_since_rest":56250,"minecraft:play_one_minute":130133,"minecraft:leave_game":3,"minecraft:sprint_one_cm":31524,"minecraft:walk_one_cm":48716,"minecraft:time_since_death":56217,"minecraft:deaths":1,"minecraft:sneak_time":513,"minecraft:fly_one_cm":150267,"minecraft:jump":102}},"DataVersion":2586}