{"stats":{"minecraft:picked_up":{"astralsorcery:tome":1,"customnpcs:npcwand":1,"customnpcs:npcmobcloner":1,"alexsmobs:animal_dictionary":1,"minecraft:string":1},"minecraft:used":{"minecraft:chest":1,"cookingforblockheads:black_kitchen_floor":1,"minecraft:horse_spawn_egg":2,"customnpcs:npcmobcloner":30,"minecraft:grass_block":1,"customnpcs:npcwand":9,"minecraft:spider_spawn_egg":3},"minecraft:custom":{"minecraft:open_chest":4,"minecraft:time_since_rest":110250,"minecraft:damage_dealt":10,"minecraft:play_one_minute":184133,"minecraft:leave_game":3,"minecraft:sprint_one_cm":44010,"minecraft:walk_one_cm":69933,"minecraft:time_since_death":110217,"minecraft:deaths":1,"minecraft:sneak_time":1051,"minecraft:fly_one_cm":353145,"minecraft:jump":140}},"DataVersion":2586}