{"stats":{"minecraft:picked_up":{"astralsorcery:tome":1,"customnpcs:npcwand":1,"customnpcs:npcmobcloner":1,"alexsmobs:animal_dictionary":1,"minecraft:string":1},"minecraft:used":{"cookingforblockheads:black_kitchen_floor":1,"minecraft:horse_spawn_egg":2,"customnpcs:npcmobcloner":30,"minecraft:grass_block":1,"customnpcs:npcwand":8,"minecraft:spider_spawn_egg":3},"minecraft:custom":{"minecraft:time_since_rest":98250,"minecraft:damage_dealt":10,"minecraft:play_one_minute":172133,"minecraft:leave_game":3,"minecraft:sprint_one_cm":41003,"minecraft:walk_one_cm":64311,"minecraft:time_since_death":98217,"minecraft:deaths":1,"minecraft:sneak_time":1032,"minecraft:fly_one_cm":347260,"minecraft:jump":128}},"DataVersion":2586}