{"stats":{"minecraft:dropped":{"minecraft:wheat":1},"minecraft:picked_up":{"astralsorcery:tome":1,"minecraft:wheat":1,"customnpcs:npcmobcloner":1,"customnpcs:npcwand":1,"minecraft:string":1,"alexsmobs:animal_dictionary":1},"minecraft:used":{"cookingforblockheads:black_kitchen_floor":1,"minecraft:grass_block":1,"minecraft:oak_wood":2,"minecraft:oak_boat":18,"minecraft:chest":1,"customnpcs:npcmobcloner":101,"minecraft:spider_spawn_egg":3,"customnpcs:npcwand":18,"minecraft:horse_spawn_egg":2},"minecraft:custom":{"minecraft:time_since_rest":170250,"minecraft:open_chest":4,"minecraft:play_one_minute":244133,"minecraft:sprint_one_cm":95318,"minecraft:deaths":1,"minecraft:walk_one_cm":132008,"minecraft:sneak_time":2036,"minecraft:walk_under_water_one_cm":439,"minecraft:drop":1,"minecraft:jump":267,"minecraft:damage_dealt":10,"minecraft:leave_game":3,"minecraft:walk_on_water_one_cm":17,"minecraft:time_since_death":170217,"minecraft:climb_one_cm":44,"minecraft:fly_one_cm":683631}},"DataVersion":2586}