{"stats":{"minecraft:dropped":{"minecraft:wheat":1},"minecraft:picked_up":{"astralsorcery:tome":1,"minecraft:wheat":1,"customnpcs:npcmobcloner":1,"customnpcs:npcwand":1,"minecraft:string":1,"alexsmobs:animal_dictionary":1},"minecraft:used":{"cookingforblockheads:black_kitchen_floor":1,"minecraft:grass_block":1,"minecraft:oak_boat":14,"minecraft:chest":1,"customnpcs:npcmobcloner":74,"minecraft:spider_spawn_egg":3,"customnpcs:npcwand":15,"minecraft:horse_spawn_egg":2},"minecraft:custom":{"minecraft:time_since_rest":158250,"minecraft:open_chest":4,"minecraft:play_one_minute":232133,"minecraft:sprint_one_cm":88268,"minecraft:deaths":1,"minecraft:walk_one_cm":106105,"minecraft:sneak_time":1488,"minecraft:walk_under_water_one_cm":439,"minecraft:drop":1,"minecraft:jump":250,"minecraft:damage_dealt":10,"minecraft:leave_game":3,"minecraft:walk_on_water_one_cm":17,"minecraft:time_since_death":158217,"minecraft:fly_one_cm":526752}},"DataVersion":2586}