{"stats":{"minecraft:custom":{"minecraft:interact_with_anvil":3,"minecraft:inspect_hopper":4,"minecraft:tune_noteblock":96,"minecraft:open_barrel":4,"minecraft:play_one_minute":919795,"minecraft:leave_game":36,"minecraft:time_since_death":916026,"minecraft:climb_one_cm":6624,"minecraft:time_since_rest":916053,"minecraft:sprint_one_cm":137298,"minecraft:walk_one_cm":404932,"minecraft:drop":2,"minecraft:swim_one_cm":2651,"minecraft:fly_one_cm":13644568,"minecraft:open_chest":1,"minecraft:crouch_one_cm":16860,"minecraft:deaths":2,"minecraft:sneak_time":60999,"minecraft:walk_under_water_one_cm":152726,"minecraft:interact_with_lectern":4,"minecraft:jump":731,"minecraft:walk_on_water_one_cm":66843},"minecraft:dropped":{"minecraft:wooden_shovel":1,"minecraft:iron_shovel":1},"minecraft:picked_up":{"minecraft:wheat":2,"minecraft:brown_mushroom":1,"minecraft:red_mushroom":1,"minecraft:lantern":2,"minecraft:iron_shovel":1,"minecraft:red_carpet":4,"minecraft:wheat_seeds":9,"minecraft:wooden_shovel":1,"minecraft:sweet_berries":12,"minecraft:torch":2,"minecraft:spruce_door":9,"minecraft:painting":1},"minecraft:used":{"minecraft:oak_fence":210,"minecraft:peony":131,"minecraft:oak_trapdoor":34,"minecraft:stripped_acacia_wood":4,"minecraft:dark_oak_stairs":128,"minecraft:nether_brick_fence":28,"minecraft:water_bucket":24,"minecraft:writable_book":1,"minecraft:cobblestone_stairs":138,"minecraft:acacia_log":35,"minecraft:spruce_door":214,"minecraft:birch_leaves":228,"minecraft:birch_planks":19,"minecraft:oak_planks":75,"minecraft:armor_stand":13,"minecraft:stone_shovel":97,"minecraft:spruce_slab":670,"minecraft:polished_andesite":26,"minecraft:jungle_fence":5,"minecraft:diamond_hoe":2,"minecraft:black_carpet":3,"minecraft:spruce_planks":925,"minecraft:chest":65,"minecraft:stone":983,"minecraft:composter":2,"minecraft:stripped_jungle_wood":155,"minecraft:spruce_sign":22,"minecraft:stripped_birch_wood":263,"minecraft:wooden_shovel":5,"minecraft:cobblestone_slab":81,"minecraft:spruce_fence_gate":21,"minecraft:horse_spawn_egg":3,"minecraft:farmland":3,"minecraft:oak_leaves":3168,"minecraft:spruce_leaves":292,"minecraft:white_wool":89,"minecraft:polished_blackstone_pressure_plate":29,"minecraft:torch":15,"minecraft:mossy_cobblestone":33,"minecraft:dirt":10,"minecraft:sand":392,"minecraft:anvil":46,"minecraft:yellow_terracotta":1587,"minecraft:oak_slab":50,"minecraft:hopper":40,"minecraft:jungle_planks":4,"minecraft:spruce_stairs":1641,"minecraft:cobblestone_wall":115,"minecraft:jungle_slab":83,"minecraft:stone_stairs":13,"minecraft:oak_wood":254,"minecraft:campfire":185,"minecraft:light_gray_concrete_powder":4,"minecraft:note_block":34,"minecraft:golden_shovel":5,"minecraft:stone_brick_wall":11,"minecraft:painting":78,"minecraft:spruce_fence":703,"minecraft:spruce_log":84,"minecraft:stripped_spruce_log":232,"minecraft:oak_fence_gate":21,"minecraft:oak_log":639,"minecraft:stone_brick_slab":3,"minecraft:dark_oak_planks":42,"minecraft:flower_pot":3,"minecraft:netherite_shovel":46,"minecraft:stripped_dark_oak_wood":17,"minecraft:birch_slab":44,"minecraft:spruce_wood":4,"minecraft:light_gray_concrete":12,"minecraft:grass_block":2681,"minecraft:lantern":92,"minecraft:oak_stairs":207,"minecraft:blue_orchid":1,"minecraft:polished_andesite_stairs":4,"minecraft:jungle_stairs":279,"minecraft:stone_slab":36,"minecraft:dark_oak_slab":135,"minecraft:mossy_cobblestone_slab":2,"minecraft:spruce_trapdoor":661,"minecraft:gravel":61,"minecraft:barrel":52,"minecraft:stone_brick_stairs":123,"minecraft:stone_bricks":321,"minecraft:item_frame":2,"minecraft:granite_slab":1,"minecraft:red_carpet":5,"minecraft:cobblestone":1144,"minecraft:orange_banner":3,"minecraft:hay_block":31,"minecraft:stripped_oak_wood":1509,"minecraft:sweet_berries":8,"minecraft:white_banner":3,"minecraft:andesite_stairs":21,"minecraft:red_banner":2,"minecraft:white_stained_glass_pane":216,"minecraft:dark_oak_fence":34,"minecraft:podzol":119,"minecraft:white_stained_glass":30,"minecraft:andesite":905,"minecraft:grass_path":39,"minecraft:smooth_stone_slab":10,"minecraft:cyan_banner":2,"minecraft:coarse_dirt":90,"minecraft:bone_meal":260,"minecraft:smooth_stone":37,"minecraft:large_fern":108,"minecraft:stripped_spruce_wood":774}},"DataVersion":2580}