{
  "mcwbridges:recipes/sandstone_bridge_stair": {
    "criteria": {
      "has_planks": "2024-07-28 02:46:35 +0000"
    },
    "done": true
  },
  "mcwbridges:recipes/acacia_log_bridge_middle": {
    "criteria": {
      "has_planks": "2024-07-28 02:46:35 +0000"
    },
    "done": true
  },
  "mcwbridges:recipes/balustrade_orange_sandstone_bridge": {
    "criteria": {
      "has_planks": "2024-07-28 02:46:35 +0000"
    },
    "done": true
  },
  "mcwbridges:recipes/rope_jungle_bridge": {
    "criteria": {
      "has_planks": "2024-07-28 02:46:35 +0000"
    },
    "done": true
  },
  "mcwbridges:recipes/spruce_log_bridge_stair": {
    "criteria": {
      "has_planks": "2024-07-28 02:46:35 +0000"
    },
    "done": true
  },
  "mcwbridges:recipes/jungle_rail_bridge": {
    "criteria": {
      "has_planks": "2024-07-28 02:46:35 +0000"
    },
    "done": true
  },
  "mcwbridges:recipes/balustrade_bricks_bridge": {
    "criteria": {
      "has_planks": "2024-07-28 02:46:35 +0000"
    },
    "done": true
  },
  "mcwbridges:recipes/andesite_bridge_stair": {
    "criteria": {
      "has_planks": "2024-07-28 02:46:35 +0000"
    },
    "done": true
  },
  "mcwbridges:recipes/rope_birch_bridge": {
    "criteria": {
      "has_planks": "2024-07-28 02:46:35 +0000"
    },
    "done": true
  },
  "astralsorcery:root": {
    "criteria": {
      "astralsorcery_present": "2024-07-28 02:46:36 +0000"
    },
    "done": true
  },
  "mcwbridges:recipes/end_stone_bricks_bridge": {
    "criteria": {
      "has_planks": "2024-07-28 02:46:35 +0000"
    },
    "done": true
  },
  "mcwbridges:recipes/spruce_bridge_pier": {
    "criteria": {
      "has_planks": "2024-07-28 02:46:35 +0000"
    },
    "done": true
  },
  "mcwbridges:recipes/oak_log_bridge_middle": {
    "criteria": {
      "has_planks": "2024-07-28 02:46:35 +0000"
    },
    "done": true
  },
  "mcwbridges:recipes/brick_bridge": {
    "criteria": {
      "has_planks": "2024-07-28 02:46:35 +0000"
    },
    "done": true
  },
  "mcwbridges:recipes/crimson_log_bridge_middle": {
    "criteria": {
      "has_planks": "2024-07-28 02:46:35 +0000"
    },
    "done": true
  },
  "mcwbridges:recipes/rope_spruce_bridge": {
    "criteria": {
      "has_planks": "2024-07-28 02:46:35 +0000"
    },
    "done": true
  },
  "mcwbridges:recipes/granite_bridge_stair": {
    "criteria": {
      "has_planks": "2024-07-28 02:46:35 +0000"
    },
    "done": true
  },
  "mcwbridges:recipes/balustrade_nether_bricks_bridge": {
    "criteria": {
      "has_planks": "2024-07-28 02:46:35 +0000"
    },
    "done": true
  },
  "mcwbridges:recipes/mossy_cobblestone_bridge_pier": {
    "criteria": {
      "has_planks": "2024-07-28 02:46:35 +0000"
    },
    "done": true
  },
  "mcwbridges:recipes/nether_bricks_bridge_pier": {
    "criteria": {
      "has_planks": "2024-07-28 02:46:35 +0000"
    },
    "done": true
  },
  "mcwbridges:recipes/asian_red_bridge": {
    "criteria": {
      "has_planks": "2024-07-28 02:46:35 +0000"
    },
    "done": true
  },
  "mcwbridges:recipes/iron_bridge_pier": {
    "criteria": {
      "has_planks": "2024-07-28 02:46:35 +0000"
    },
    "done": true
  },
  "mcwbridges:recipes/dry_bamboo_bridge_stair": {
    "criteria": {
      "has_planks": "2024-07-28 02:46:35 +0000"
    },
    "done": true
  },
  "mcwbridges:recipes/mossy_cobblestone_bridge": {
    "criteria": {
      "has_planks": "2024-07-28 02:46:35 +0000"
    },
    "done": true
  },
  "mcwbridges:recipes/pliers": {
    "criteria": {
      "has_planks": "2024-07-28 02:46:35 +0000"
    },
    "done": true
  },
  "mcwbridges:recipes/oak_bridge_pier": {
    "criteria": {
      "has_planks": "2024-07-28 02:46:35 +0000"
    },
    "done": true
  },
  "mcwbridges:recipes/mossy_stone_bridge_stair": {
    "criteria": {
      "has_planks": "2024-07-28 02:46:35 +0000"
    },
    "done": true
  },
  "mcwdoors:recipes/dark_oak": {
    "criteria": {
      "has_wood": "2024-07-28 02:46:35 +0000"
    },
    "done": true
  },
  "mowziesmobs:root": {
    "criteria": {
      "custom_test_name": "2024-07-28 02:46:36 +0000"
    },
    "done": true
  },
  "mcwdoors:recipes/spruce": {
    "criteria": {
      "has_wood": "2024-07-28 02:46:35 +0000"
    },
    "done": true
  },
  "mcwbridges:recipes/nether_bricks_bridge": {
    "criteria": {
      "has_planks": "2024-07-28 02:46:35 +0000"
    },
    "done": true
  },
  "mcwbridges:recipes/acacia_rail_bridge": {
    "criteria": {
      "has_planks": "2024-07-28 02:46:35 +0000"
    },
    "done": true
  },
  "mcwdoors:recipes/oak": {
    "criteria": {
      "has_wood": "2024-07-28 02:46:35 +0000"
    },
    "done": true
  },
  "mcwbridges:recipes/crimson_rope_bridge_stair": {
    "criteria": {
      "has_planks": "2024-07-28 02:46:35 +0000"
    },
    "done": true
  },
  "mcwbridges:recipes/oak_log_bridge_stair": {
    "criteria": {
      "has_planks": "2024-07-28 02:46:35 +0000"
    },
    "done": true
  },
  "mcwbridges:recipes/mossy_cobblestone_bridge_stair": {
    "criteria": {
      "has_planks": "2024-07-28 02:46:35 +0000"
    },
    "done": true
  },
  "mcwbridges:recipes/rope_acacia_bridge": {
    "criteria": {
      "has_planks": "2024-07-28 02:46:35 +0000"
    },
    "done": true
  },
  "mcwbridges:recipes/asian_red_bridge_stair": {
    "criteria": {
      "has_planks": "2024-07-28 02:46:35 +0000"
    },
    "done": true
  },
  "mcwbridges:recipes/blackstone_bridge_pier": {
    "criteria": {
      "has_planks": "2024-07-28 02:46:35 +0000"
    },
    "done": true
  },
  "mcwbridges:recipes/balustrade_blackstone_bridge": {
    "criteria": {
      "has_planks": "2024-07-28 02:46:35 +0000"
    },
    "done": true
  },
  "mcwbridges:recipes/crimson_rail_bridge": {
    "criteria": {
      "has_planks": "2024-07-28 02:46:35 +0000"
    },
    "done": true
  },
  "mcwbridges:recipes/dark_oak_log_bridge_middle": {
    "criteria": {
      "has_planks": "2024-07-28 02:46:35 +0000"
    },
    "done": true
  },
  "mcwbridges:recipes/bamboo_bridge": {
    "criteria": {
      "has_planks": "2024-07-28 02:46:35 +0000"
    },
    "done": true
  },
  "mcwbridges:recipes/warped_log_bridge_stair": {
    "criteria": {
      "has_planks": "2024-07-28 02:46:35 +0000"
    },
    "done": true
  },
  "mcwbridges:recipes/nether_bricks_bridge_stair": {
    "criteria": {
      "has_planks": "2024-07-28 02:46:35 +0000"
    },
    "done": true
  },
  "mcwbridges:recipes/oak_rope_bridge_stair": {
    "criteria": {
      "has_planks": "2024-07-28 02:46:35 +0000"
    },
    "done": true
  },
  "mcwbridges:recipes/balustrade_sandstone_bridge": {
    "criteria": {
      "has_planks": "2024-07-28 02:46:35 +0000"
    },
    "done": true
  },
  "mcwbridges:recipes/cobblestone_bridge": {
    "criteria": {
      "has_planks": "2024-07-28 02:46:35 +0000"
    },
    "done": true
  },
  "mcwbridges:recipes/end_stone_bricks_bridge_stair": {
    "criteria": {
      "has_planks": "2024-07-28 02:46:35 +0000"
    },
    "done": true
  },
  "mcwbridges:recipes/prismarine_bricks_bridge": {
    "criteria": {
      "has_planks": "2024-07-28 02:46:35 +0000"
    },
    "done": true
  },
  "mcwdoors:recipes/jungle": {
    "criteria": {
      "has_wood": "2024-07-28 02:46:35 +0000"
    },
    "done": true
  },
  "mcwbridges:recipes/balustrade_mossy_stone_bricks_bridge": {
    "criteria": {
      "has_planks": "2024-07-28 02:46:35 +0000"
    },
    "done": true
  },
  "mcwbridges:recipes/sandstone_bridge": {
    "criteria": {
      "has_planks": "2024-07-28 02:46:35 +0000"
    },
    "done": true
  },
  "mcwdoors:recipes/acacia": {
    "criteria": {
      "has_wood": "2024-07-28 02:46:35 +0000"
    },
    "done": true
  },
  "mcwbridges:recipes/warped_rail_bridge": {
    "criteria": {
      "has_planks": "2024-07-28 02:46:35 +0000"
    },
    "done": true
  },
  "mcwbridges:recipes/stone_brick_bridge_stair": {
    "criteria": {
      "has_planks": "2024-07-28 02:46:35 +0000"
    },
    "done": true
  },
  "mcwbridges:recipes/birch_log_bridge_middle": {
    "criteria": {
      "has_planks": "2024-07-28 02:46:35 +0000"
    },
    "done": true
  },
  "mcwbridges:recipes/blackstone_bridge": {
    "criteria": {
      "has_planks": "2024-07-28 02:46:35 +0000"
    },
    "done": true
  },
  "mcwbridges:recipes/red_sandstone_bridge_pier": {
    "criteria": {
      "has_planks": "2024-07-28 02:46:35 +0000"
    },
    "done": true
  },
  "mcwbridges:recipes/warped_rope_bridge_stair": {
    "criteria": {
      "has_planks": "2024-07-28 02:46:35 +0000"
    },
    "done": true
  },
  "mcwbridges:recipes/rope_oak_bridge": {
    "criteria": {
      "has_planks": "2024-07-28 02:46:35 +0000"
    },
    "done": true
  },
  "mcwbridges:recipes/rope_dark_oak_bridge": {
    "criteria": {
      "has_planks": "2024-07-28 02:46:35 +0000"
    },
    "done": true
  },
  "mcwbridges:recipes/cobblestone_bridge_pier": {
    "criteria": {
      "has_planks": "2024-07-28 02:46:35 +0000"
    },
    "done": true
  },
  "mcwbridges:recipes/iron_bridge": {
    "criteria": {
      "has_planks": "2024-07-28 02:46:35 +0000"
    },
    "done": true
  },
  "mcwbridges:recipes/diorite_bridge_stair": {
    "criteria": {
      "has_planks": "2024-07-28 02:46:35 +0000"
    },
    "done": true
  },
  "mcwbridges:recipes/glass_bridge_stair": {
    "criteria": {
      "has_planks": "2024-07-28 02:46:35 +0000"
    },
    "done": true
  },
  "mcwbridges:recipes/bamboo_bridge_stair": {
    "criteria": {
      "has_planks": "2024-07-28 02:46:35 +0000"
    },
    "done": true
  },
  "mcwbridges:recipes/red_sandstone_bridge_stair": {
    "criteria": {
      "has_planks": "2024-07-28 02:46:35 +0000"
    },
    "done": true
  },
  "mcwbridges:recipes/spruce_rail_bridge": {
    "criteria": {
      "has_planks": "2024-07-28 02:46:35 +0000"
    },
    "done": true
  },
  "mcwbridges:recipes/diorite_bridge_pier": {
    "criteria": {
      "has_planks": "2024-07-28 02:46:35 +0000"
    },
    "done": true
  },
  "mcwbridges:recipes/birch_rail_bridge": {
    "criteria": {
      "has_planks": "2024-07-28 02:46:35 +0000"
    },
    "done": true
  },
  "mcwbridges:recipes/asian_red_bridge_pier": {
    "criteria": {
      "has_planks": "2024-07-28 02:46:35 +0000"
    },
    "done": true
  },
  "mcwbridges:recipes/birch_log_bridge_stair": {
    "criteria": {
      "has_planks": "2024-07-28 02:46:35 +0000"
    },
    "done": true
  },
  "mcwbridges:recipes/balustrade_andesite_bridge": {
    "criteria": {
      "has_planks": "2024-07-28 02:46:35 +0000"
    },
    "done": true
  },
  "mcwbridges:recipes/jungle_rope_bridge_stair": {
    "criteria": {
      "has_planks": "2024-07-28 02:46:35 +0000"
    },
    "done": true
  },
  "mcwbridges:recipes/glass_bridge_pier": {
    "criteria": {
      "has_planks": "2024-07-28 02:46:35 +0000"
    },
    "done": true
  },
  "mcwbridges:recipes/andesite_bridge": {
    "criteria": {
      "has_planks": "2024-07-28 02:46:35 +0000"
    },
    "done": true
  },
  "mcwbridges:recipes/andesite_bridge_pier": {
    "criteria": {
      "has_planks": "2024-07-28 02:46:35 +0000"
    },
    "done": true
  },
  "mcwbridges:recipes/mossy_stone_brick_bridge": {
    "criteria": {
      "has_planks": "2024-07-28 02:46:35 +0000"
    },
    "done": true
  },
  "mcwbridges:recipes/spruce_rope_bridge_stair": {
    "criteria": {
      "has_planks": "2024-07-28 02:46:35 +0000"
    },
    "done": true
  },
  "mcwbridges:recipes/balustrade_mossy_cobblestone_bridge": {
    "criteria": {
      "has_planks": "2024-07-28 02:46:35 +0000"
    },
    "done": true
  },
  "minecraft:adventure/adventuring_time": {
    "criteria": {
      "minecraft:forest": "2024-07-28 08:46:09 +0000",
      "minecraft:beach": "2024-07-28 08:46:16 +0000",
      "minecraft:river": "2024-07-28 02:46:57 +0000",
      "minecraft:plains": "2024-07-28 02:46:36 +0000"
    },
    "done": false
  },
  "mcwdoors:recipes/warped": {
    "criteria": {
      "has_wood": "2024-07-28 02:46:35 +0000"
    },
    "done": true
  },
  "mcwbridges:recipes/birch_bridge_pier": {
    "criteria": {
      "has_planks": "2024-07-28 02:46:35 +0000"
    },
    "done": true
  },
  "mcwbridges:recipes/oak_rail_bridge": {
    "criteria": {
      "has_planks": "2024-07-28 02:46:35 +0000"
    },
    "done": true
  },
  "mcwbridges:recipes/bamboo_bridge_pier": {
    "criteria": {
      "has_planks": "2024-07-28 02:46:35 +0000"
    },
    "done": true
  },
  "mcwbridges:recipes/birch_rope_bridge_stair": {
    "criteria": {
      "has_planks": "2024-07-28 02:46:35 +0000"
    },
    "done": true
  },
  "mcwbridges:recipes/dark_oak_rope_bridge_stair": {
    "criteria": {
      "has_planks": "2024-07-28 02:46:35 +0000"
    },
    "done": true
  },
  "mcwbridges:recipes/dry_bamboo_bridge": {
    "criteria": {
      "has_planks": "2024-07-28 02:46:35 +0000"
    },
    "done": true
  },
  "mcwbridges:recipes/balustrade_stone_bricks_bridge": {
    "criteria": {
      "has_planks": "2024-07-28 02:46:35 +0000"
    },
    "done": true
  },
  "mcwbridges:recipes/warped_log_bridge_middle": {
    "criteria": {
      "has_planks": "2024-07-28 02:46:35 +0000"
    },
    "done": true
  },
  "mcwbridges:recipes/bridge_torch": {
    "criteria": {
      "has_planks": "2024-07-28 02:46:35 +0000"
    },
    "done": true
  },
  "mcwbridges:recipes/dark_oak_rail_bridge": {
    "criteria": {
      "has_planks": "2024-07-28 02:46:35 +0000"
    },
    "done": true
  },
  "mcwbridges:recipes/jungle_log_bridge_middle": {
    "criteria": {
      "has_planks": "2024-07-28 02:46:35 +0000"
    },
    "done": true
  },
  "mcwbridges:recipes/dry_bamboo_bridge_pier": {
    "criteria": {
      "has_planks": "2024-07-28 02:46:35 +0000"
    },
    "done": true
  },
  "mcwbridges:recipes/blackstone_bridge_stair": {
    "criteria": {
      "has_planks": "2024-07-28 02:46:35 +0000"
    },
    "done": true
  },
  "mcwbridges:recipes/brick_bridge_stair": {
    "criteria": {
      "has_planks": "2024-07-28 02:46:35 +0000"
    },
    "done": true
  },
  "mcwbridges:recipes/dark_oak_bridge_pier": {
    "criteria": {
      "has_planks": "2024-07-28 02:46:35 +0000"
    },
    "done": true
  },
  "mcwbridges:recipes/stone_brick_bridge": {
    "criteria": {
      "has_planks": "2024-07-28 02:46:35 +0000"
    },
    "done": true
  },
  "mcwbridges:recipes/prismarine_bricks_bridge_pier": {
    "criteria": {
      "has_planks": "2024-07-28 02:46:35 +0000"
    },
    "done": true
  },
  "mcwbridges:recipes/acacia_log_bridge_stair": {
    "criteria": {
      "has_planks": "2024-07-28 02:46:35 +0000"
    },
    "done": true
  },
  "mcwbridges:recipes/brick_bridge_pier": {
    "criteria": {
      "has_planks": "2024-07-28 02:46:35 +0000"
    },
    "done": true
  },
  "mcwbridges:recipes/sandstone_bridge_pier": {
    "criteria": {
      "has_planks": "2024-07-28 02:46:35 +0000"
    },
    "done": true
  },
  "mcwbridges:recipes/balustrade_prismarine_bricks_bridge": {
    "criteria": {
      "has_planks": "2024-07-28 02:46:35 +0000"
    },
    "done": true
  },
  "mcwbridges:recipes/dark_oak_log_bridge_stair": {
    "criteria": {
      "has_planks": "2024-07-28 02:46:35 +0000"
    },
    "done": true
  },
  "mcwbridges:recipes/balustrade_end_stone_bricks_bridge": {
    "criteria": {
      "has_planks": "2024-07-28 02:46:35 +0000"
    },
    "done": true
  },
  "mcwbridges:recipes/orange_sandstone_bridge": {
    "criteria": {
      "has_planks": "2024-07-28 02:46:35 +0000"
    },
    "done": true
  },
  "mcwbridges:recipes/crimson_log_bridge_stair": {
    "criteria": {
      "has_planks": "2024-07-28 02:46:35 +0000"
    },
    "done": true
  },
  "mcwbridges:recipes/jungle_log_bridge_stair": {
    "criteria": {
      "has_planks": "2024-07-28 02:46:35 +0000"
    },
    "done": true
  },
  "mcwbridges:recipes/rope_crimson_bridge": {
    "criteria": {
      "has_planks": "2024-07-28 02:46:35 +0000"
    },
    "done": true
  },
  "mcwbridges:recipes/granite_bridge": {
    "criteria": {
      "has_planks": "2024-07-28 02:46:35 +0000"
    },
    "done": true
  },
  "mcwdoors:recipes/metal": {
    "criteria": {
      "has_wood": "2024-07-28 02:46:35 +0000"
    },
    "done": true
  },
  "dungeons_arise:wda_root": {
    "criteria": {
      "WDA": "2024-07-28 02:46:36 +0000"
    },
    "done": true
  },
  "mcwbridges:recipes/end_stone_bricks_bridge_pier": {
    "criteria": {
      "has_planks": "2024-07-28 02:46:35 +0000"
    },
    "done": true
  },
  "mcwbridges:recipes/balustrade_diorite_bridge": {
    "criteria": {
      "has_planks": "2024-07-28 02:46:35 +0000"
    },
    "done": true
  },
  "mcwbridges:recipes/cobblestone_bridge_stair": {
    "criteria": {
      "has_planks": "2024-07-28 02:46:35 +0000"
    },
    "done": true
  },
  "mcwbridges:recipes/spruce_log_bridge_middle": {
    "criteria": {
      "has_planks": "2024-07-28 02:46:35 +0000"
    },
    "done": true
  },
  "mcwbridges:recipes/granite_bridge_pier": {
    "criteria": {
      "has_planks": "2024-07-28 02:46:35 +0000"
    },
    "done": true
  },
  "mcwbridges:recipes/glass_bridge": {
    "criteria": {
      "has_planks": "2024-07-28 02:46:35 +0000"
    },
    "done": true
  },
  "mcwbridges:recipes/balustrade_cobblestone_bridge": {
    "criteria": {
      "has_planks": "2024-07-28 02:46:35 +0000"
    },
    "done": true
  },
  "mcwdoors:recipes/bamboo": {
    "criteria": {
      "has_wood": "2024-07-28 02:46:35 +0000"
    },
    "done": true
  },
  "mcwbridges:recipes/acacia_bridge_pier": {
    "criteria": {
      "has_planks": "2024-07-28 02:46:35 +0000"
    },
    "done": true
  },
  "mcwdoors:recipes/crimson": {
    "criteria": {
      "has_wood": "2024-07-28 02:46:35 +0000"
    },
    "done": true
  },
  "mcwdoors:recipes/cherry_print": {
    "criteria": {
      "has_wood": "2024-07-28 02:46:35 +0000"
    },
    "done": true
  },
  "mcwbridges:recipes/crimson_bridge_pier": {
    "criteria": {
      "has_planks": "2024-07-28 02:46:35 +0000"
    },
    "done": true
  },
  "mcwbridges:recipes/prismarine_bricks_bridge_stair": {
    "criteria": {
      "has_planks": "2024-07-28 02:46:35 +0000"
    },
    "done": true
  },
  "mcwdoors:recipes/birch": {
    "criteria": {
      "has_wood": "2024-07-28 02:46:35 +0000"
    },
    "done": true
  },
  "mcwbridges:recipes/acacia_rope_bridge_stair": {
    "criteria": {
      "has_planks": "2024-07-28 02:46:35 +0000"
    },
    "done": true
  },
  "mcwbridges:recipes/iron_bridge_stair": {
    "criteria": {
      "has_planks": "2024-07-28 02:46:35 +0000"
    },
    "done": true
  },
  "mcwbridges:recipes/rope_warped_bridge": {
    "criteria": {
      "has_planks": "2024-07-28 02:46:35 +0000"
    },
    "done": true
  },
  "mcwbridges:recipes/jungle_bridge_pier": {
    "criteria": {
      "has_planks": "2024-07-28 02:46:35 +0000"
    },
    "done": true
  },
  "mcwbridges:recipes/mossy_stone_bridge_pier": {
    "criteria": {
      "has_planks": "2024-07-28 02:46:35 +0000"
    },
    "done": true
  },
  "mcwbridges:recipes/diorite_bridge": {
    "criteria": {
      "has_planks": "2024-07-28 02:46:35 +0000"
    },
    "done": true
  },
  "mcwbridges:recipes/stone_bridge_pier": {
    "criteria": {
      "has_planks": "2024-07-28 02:46:35 +0000"
    },
    "done": true
  },
  "mcwbridges:recipes/bridge_lantern": {
    "criteria": {
      "has_planks": "2024-07-28 02:46:35 +0000"
    },
    "done": true
  },
  "mcwbridges:recipes/balustrade_granite_bridge": {
    "criteria": {
      "has_planks": "2024-07-28 02:46:35 +0000"
    },
    "done": true
  },
  "mcwbridges:recipes/warped_bridge_pier": {
    "criteria": {
      "has_planks": "2024-07-28 02:46:35 +0000"
    },
    "done": true
  },
  "DataVersion": 2586
}